Sequence,Temperature,CPU,Offloading
1,55.8,2.7,0
2,56.4,48,0
3,56.4,45.5,0
4,56.4,44.4,0
5,56.9,22.4,0
6,56.9,42.9,0
7,56.9,45.5,0
8,56.9,42.9,0
9,56.9,39.1,0
10,57.5,50,0
11,57.5,47.8,0
12,58,39.3,0
13,58,43.5,0
14,58,50,0
15,58.5,48.1,0
16,58,44.8,0
17,58,40.9,0
18,58,45.8,0
19,58,40.9,0
20,58,18.6,0
21,58.5,25.4,0
22,58,22.6,0
23,58,18.5,0
24,58.5,32.7,0
25,58.5,40,0
26,58,40.7,0
27,58,42.6,0
28,58,50,0
29,59.1,38.7,0
30,58.5,24.1,0
31,58.5,40.7,0
32,58.5,31,0
33,59.1,32.3,0
34,59.1,31,0
35,58.5,23.7,0
36,58.5,37.8,0
37,59.1,51.9,0
38,59.1,48,0
39,58.5,42.9,0
40,58.5,39.1,0
41,59.1,43.3,0
42,59.1,40,0
43,59.1,42.9,0
44,59.1,40.6,0
45,59.1,48,0
46,59.1,42.9,0
47,59.6,36.7,0
48,59.1,44.9,0
49,59.1,38.1,0
50,59.6,45.8,0
51,60.1,34.8,0
52,59.1,42.1,0
53,59.6,36,0
54,59.6,40,0
55,59.6,42.3,0
56,59.6,41.7,0
57,59.1,42.9,0
58,60.1,37.9,0
59,59.6,43.8,0
60,59.1,51.4,0
61,59.6,45.5,0
62,59.6,48,0
63,60.1,34.5,0
64,59.6,48.3,0
65,59.1,44.8,0
66,59.6,30.8,0
67,60.1,44,0
68,60.1,45,0
69,60.7,41.4,0
70,60.1,42.9,0
71,60.1,38.5,0
72,59.6,35,0
73,60.1,50,0
74,60.1,45.5,0
75,60.1,46.2,0
76,60.1,50,0
77,60.1,51.9,0
78,60.1,50,0
79,60.1,45.5,0
80,60.1,34.6,0
81,60.7,45.8,0
82,60.1,37.5,0
83,60.7,40.9,0
84,60.7,34.6,0
85,60.1,42.3,0
86,60.7,48.1,0
87,60.7,38.5,0
88,60.1,33.3,0
89,60.7,25.8,0
90,60.7,50,0
91,60.1,42.9,0
92,60.7,39.5,0
93,60.1,52,0
94,60.7,45.2,0
95,61.2,47.8,0
96,60.1,42.4,0
97,60.1,47.8,0
98,60.1,43.5,0
99,60.7,32.4,0
100,60.1,25,0
101,60.1,53.8,0
102,60.1,36.6,0
103,60.1,51.9,0
104,60.1,52,0
105,61.2,37.5,0
106,60.1,46.2,0
107,60.1,40.9,0
108,60.7,37.5,0
109,60.7,44.4,0
110,60.7,37,0
111,60.7,45.8,0
112,60.7,42.9,0
113,61.2,41.4,0
114,60.1,38.5,0
115,60.7,45.8,0
116,60.7,45.2,0
117,60.7,45.5,0
118,60.7,44,0
119,60.7,40.9,0
120,59.1,38.9,0
121,60.7,28.6,0
122,61.2,30.8,0
123,62.3,45,0
124,62.8,26.7,0
125,62.8,41.2,0
126,62.8,42.1,0
127,63.9,37.5,0
128,63.9,26.7,0
129,64.5,44.4,0
130,64.5,26.7,0
131,65,26.7,0
132,65,28.6,0
133,64.5,26.7,0
134,65,31.2,0
135,65,25,0
136,65,45,0
137,65,31.2,0
138,64.5,33.3,0
139,64.5,28.6,0
140,65,35.3,0
141,64.5,52.2,0
142,64.5,31.3,0
143,65,31.2,0
144,64.5,28.6,0
145,65,26.7,0
146,65.5,35.3,0
147,65,26.7,0
148,65.5,41.2,0
149,65.5,28.6,0
150,65,28.6,0
151,65,30.8,0
152,65.5,33.3,0
153,64.5,23.1,0
154,65.5,33.3,0
155,65.5,29.2,0
156,66.1,31.3,0
157,65.5,37,0
158,65.5,26.7,0
159,65.5,50,0
160,65.5,26.7,0
161,66.1,35.3,0
162,65.5,33.3,0
163,65.5,26.7,0
164,65.5,26.7,0
165,65.5,37.5,0
166,65.5,25,0
167,65.5,37.5,0
168,65.5,26.7,0
169,65.5,28.6,0
170,65.5,29.4,0
171,65.5,31.2,0
172,65.5,26.7,0
173,65.5,25,0
174,65.5,37.5,0
175,65.5,28.6,0
176,66.1,26.7,0
177,65.5,26.7,0
178,65.5,31.3,0
179,65.5,44.4,0
180,65.5,26.7,0
181,65.5,26.7,0
182,65.5,31.3,0
183,65,33.3,0
184,65.5,25,0
185,65.5,37.5,0
186,65.5,36.8,0
187,65.5,25,0
188,65.5,26.7,0
189,65.5,25,0
190,65.5,42.1,0
191,65.5,31.3,0
192,65,26.7,0
193,65.5,25,0
194,65,31.3,0
195,65,33.3,0
196,65,26.7,0
197,64.5,37.5,0
198,64.5,35.3,0
199,65.5,26.7,0
200,65.5,29.4,0
201,65,25,0
202,65.5,31.2,0
203,65.5,35.3,0
204,65.5,25,0
205,65.5,31.3,0
206,66.1,25,0
207,65.5,25,0
208,65.5,29.4,0
209,65.5,25,0
210,65.5,33.3,0
211,65.5,38.5,0
212,65.5,25,0
213,65,25,0
214,65.5,33.3,0
215,65.5,25,0
216,65,29.4,0
217,65.5,23.5,0
218,64.5,29.6,0
219,65.5,23.5,0
220,65.5,31.6,0
221,65,42.9,0
222,65,26.7,0
223,65.5,36.8,0
224,65,33.3,0
225,65,25,0
226,65.5,45,0
227,65,25,0
228,65.5,36.8,0
229,65.5,25,0
230,65.5,23.5,0
231,65.5,33.3,0
232,65.5,50,0
233,65.5,31.6,0
234,65.5,25,0
235,65.5,38.9,0
236,65.5,42.1,0
237,65.5,33.3,0
238,65.5,33.3,0
239,65.5,29.4,0
240,65.5,29.4,0
241,65.5,33.3,0
242,65,23.5,0
243,65.5,25,0
244,66.1,25,0
245,65,23.5,0
246,65.5,31.6,0
247,65.5,36.8,0
248,65.5,23.5,0
249,65.5,25,0
250,65,29.6,0
251,65.5,25,0
252,65.5,31.2,0
253,65.5,34.8,0
254,65.5,31.6,0
255,65.5,29.4,0
256,65,27.8,0
257,66.1,29.4,0
258,65.5,23.5,0
259,65,25,0
260,65.5,42.9,0
261,65.5,29.4,0
262,65.5,23.5,0
263,65.5,33.3,0
264,65.5,31.6,0
265,66.1,31.6,0
266,66.1,25,0
267,66.1,50,0
268,66.6,27.8,0
269,66.1,38.5,0
270,65.5,31.6,0
271,65.5,39.3,0
272,65.5,36.8,0
273,66.1,36.8,0
274,65.5,27.8,0
275,66.1,26.3,0
276,66.1,27.8,0
277,66.1,33.3,0
278,65.5,31.6,0
279,66.6,42.9,0
280,66.1,35,0
281,66.1,27.8,0
282,66.1,27.8,0
283,66.6,31.6,0
284,66.6,35,0
285,66.1,30.4,0
286,65.5,25,0
287,66.1,30.4,0
288,66.1,27.8,0
289,65.5,23.5,0
290,66.6,31.6,0
291,65.5,22.2,0
292,66.1,33.3,0
293,66.1,27.8,0
294,65.5,23.5,0
295,65.5,30,0
296,65.5,35,0
297,65.5,28.6,0
298,66.1,25.9,0
299,66.6,26.3,0
300,66.1,32.4,0
301,65.5,25,0
302,65.5,31.6,0
303,65.5,31.6,0
304,66.6,31.6,0
305,66.6,30,0
306,66.1,30,0
307,66.6,38.1,0
308,66.1,30,0
309,66.6,26.3,0
310,66.6,30,0
311,66.6,25,0
312,66.6,25,0
313,66.1,38.1,0
314,66.1,27.3,0
315,66.6,42.9,0
316,66.1,22.2,0
317,66.6,26.3,0
318,66.6,38.1,0
319,65.5,28.6,0
320,65.5,26.3,0
321,65.5,25,0
322,66.6,27.8,0
323,65.5,31.6,0
324,65.5,30,0
325,65.5,26.5,0
326,65.5,26.3,0
327,65.5,26.3,0
328,65.5,30,0
329,65.5,31.6,0
330,65.5,31.6,0
331,65.5,26.3,0
332,65.5,27.8,0
333,65,36.1,0
334,65,26.3,0
335,65,30.4,0
336,65.5,31.6,0
337,66.1,30,0
338,65.5,30.3,0
339,65.5,28.1,0
340,65.5,25,0
341,66.1,33.3,0
342,65.5,30,0
343,65.5,26.3,0
344,66.1,30,0
345,65.5,26.3,0
346,66.1,26.3,0
347,65.5,26.3,0
348,65.5,26.3,0
349,66.6,30,0
350,66.1,26.3,0
351,66.6,30,0
352,66.6,26.3,0
353,65.5,30,0
354,66.6,30,0
355,65.5,30,0
356,65.5,30,0
357,65.5,26.3,0
358,65.5,30,0
359,66.1,30,0
360,66.6,26.1,0
361,66.6,30,0
362,66.6,30,0
363,66.6,33.3,0
364,66.1,26.3,0
365,66.6,26.3,0
366,66.6,26.3,0
367,66.6,30,0
368,67.1,28.6,0
369,66.6,26.3,0
370,66.6,46.2,0
371,66.6,30,0
372,67.1,26.3,0
373,66.6,25,0
374,66.6,31.8,0
375,66.6,26.3,0
376,66.1,26.3,0
377,66.6,30,0
378,65.5,26.3,0
379,65.5,26.3,0
380,66.6,25,0
381,66.1,30,0
382,66.6,31.8,0
383,66.6,31.8,0
384,66.1,31.6,0
385,66.6,26.5,0
386,66.1,25,0
387,66.1,26.3,0
388,65.5,26.3,0
389,66.6,25,0
390,65.5,31.8,0
391,66.6,36.4,0
392,65.5,25,0
393,65.5,22.2,0
394,65.5,34.6,0
395,65.5,41.7,0
396,65.5,26.3,0
397,65.5,28.6,0
398,65.5,26.3,0
399,66.6,28.6,0
400,65.5,42.3,0
401,66.1,25,0
402,66.1,28.9,0
403,65.5,28.6,0
404,65.5,26.3,0
405,65.5,28.6,0
406,66.6,28.6,0
407,66.1,36.4,0
408,66.6,25,0
409,66.6,33.3,0
410,66.6,34.8,0
411,66.6,26.3,0
412,66.1,26.3,0
413,67.1,25,0
414,66.6,36.4,0
415,66.6,31.8,0
416,66.1,26.3,0
417,65.5,28.6,0
418,66.6,31.8,0
419,66.1,33.3,0
420,65.5,31.8,0
421,65.5,34.8,0
422,65.5,28.6,0
423,66.1,34.8,0
424,65.5,28.6,0
425,63.9,31.8,0
426,65.5,27.3,0
427,65.5,31.6,0
428,65.5,25,0
429,65,28.6,0
430,65.5,25,0
431,65,30.4,0
432,65.5,31.6,0
433,65.5,23.8,0
434,65.5,30.4,0
435,66.1,23.8,0
436,65.5,28.6,0
437,65.5,27.3,0
438,65.5,28.6,0
439,65.5,27.8,0
440,65.5,23.8,0
441,65.5,31.8,0
442,65.5,32.1,0
443,66.1,25,0
444,65.5,25,0
445,66.1,31.8,0
446,65.5,39.1,0
447,65.5,25,0
448,66.1,31.8,0
449,65.5,28,0
450,65.5,28.6,0
451,65,25,0
452,66.1,30.4,0
453,65.5,28.6,0
454,66.1,23.8,0
455,65.5,30.4,0
456,66.6,28.6,0
457,65.5,25,0
458,66.1,27.3,0
459,65,26.7,0
460,65.5,28.6,0
461,66.1,26.9,0
462,66.1,28.6,0
463,66.6,28.6,0
464,66.6,27.3,0
465,65.5,23.8,0
466,66.6,27.3,0
467,66.1,27.3,0
468,66.6,29.7,0
469,66.6,31.8,0
470,65.5,23.8,0
471,65.5,28.6,0
472,65.5,36,0
473,66.1,30.4,0
474,66.1,26.1,0
475,65.5,28.6,0
476,65.5,27.3,0
477,65.5,26.5,0
478,65.5,28.6,0
479,65.5,27.3,0
480,65.5,27.3,0
481,65.5,23.8,0
482,66.6,29.7,0
483,66.6,23.8,0
484,65.5,33.3,0
485,66.1,33.3,0
486,65.5,27.3,0
487,65.5,27.3,0
488,66.1,23.8,0
489,66.6,27.3,0
490,66.6,28.6,0
491,66.6,30.4,0
492,66.6,25.7,0
493,66.6,25,0
494,67.1,30.4,0
495,65.5,27.3,0
496,66.6,26.1,0
497,66.1,26.7,0
498,66.6,33.3,0
499,66.6,33.3,0
500,66.6,28.6,0
501,66.6,27.3,0
502,66.1,23.8,0
503,66.6,23.8,0
504,66.1,23.8,0
505,66.6,34.6,0
506,66.6,28.6,0
507,66.6,30.4,0
508,66.6,29.6,0
509,66.6,33.3,0
510,66.6,31.2,0
511,66.6,26.1,0
512,66.6,27.6,0
513,65.5,27.3,0
514,65.5,28.2,0
515,66.1,30.4,0
516,66.1,27.3,0
517,65,30.4,0
518,65.5,32,0
519,65.5,30.8,0
520,66.1,29.2,0
521,66.6,27.3,0
522,66.1,27.3,0
523,66.1,26.1,0
524,65.5,27.3,0
525,66.1,29.2,0
526,65.5,26.1,0
527,66.1,32,0
528,65.5,27.3,0
529,65.5,22.7,0
530,66.1,26.1,0
531,66.6,26.1,0
532,66.1,29.2,0
533,66.1,26.3,0
534,65.5,26.1,0
535,66.1,32,0
536,66.1,26.1,0
537,66.1,23.8,0
538,66.1,32,0
539,65.5,30.4,0
540,65.5,26.9,0
541,65.5,27.3,0
542,66.1,26.1,0
543,65.5,27.3,0
544,66.1,29.2,0
545,65.5,24,0
546,65.5,29.2,0
547,66.6,27.3,0
548,65.5,27.3,0
549,66.1,29.2,0
550,66.6,33.3,0
551,65.5,26.1,0
552,65.5,28.1,0
553,66.6,29.2,0
554,66.6,29.2,0
555,66.6,30.4,0
556,66.1,26.1,0
557,65.5,29.2,0
558,65.5,25,0
559,66.6,29.2,0
560,66.1,29.2,0
561,65.5,29.2,0
562,66.6,26.1,0
563,65.5,30.4,0
564,65.5,26.1,0
565,65.5,25,0
566,65.5,26.1,0
567,66.1,34.6,0
568,66.1,34.6,0
569,65.5,30.3,0
570,66.1,34.6,0
571,66.1,29.2,0
572,66.6,32,0
573,66.6,26.1,0
574,66.6,29.2,0
575,66.6,32,0
576,65.5,35.7,0
577,66.6,34.6,0
578,66.6,32,0
579,66.6,29.2,0
580,66.6,32,0
581,66.6,35.6,0
582,66.6,26.1,0
583,66.6,28,0
584,66.6,27.3,0
585,66.6,30.4,0
586,66.6,26.1,0
587,66.6,36,0
588,66.6,26.1,0
589,66.6,23.8,0
590,66.6,26.1,0
591,66.6,26.1,0
592,66.6,34.6,0
593,66.6,30.8,0
594,66.6,26.1,0
595,66.1,27.5,0
596,66.6,26.1,0
597,67.1,26.1,0
598,66.6,28,0
599,66.6,30.8,0
600,66.1,25,0
601,67.1,30.8,0
602,66.6,29.2,0
603,66.6,33.3,0
604,66.6,30.8,0
605,66.6,29.2,0
606,66.6,25,0
607,66.6,34.6,0
608,66.6,25,0
609,66.6,29.2,0
610,66.6,25,0
611,66.6,26.1,0
612,67.1,28,0
613,66.6,25,0
614,66.6,28,0
615,66.6,30.8,0
616,66.6,31.2,0
617,66.6,37,0
618,66.6,26.1,0
619,66.6,28,0
620,66.6,28,0
621,67.1,29.2,0
622,66.6,30.8,0
623,66.6,35.7,0
624,66.6,25,0
625,66.6,25,0
626,67.1,28,0
627,66.6,34.6,0
628,66.6,26.1,0
629,66.6,29,0
630,66.6,37,0
631,66.6,29.6,0
632,67.1,28,0
633,66.6,20.8,0
634,66.6,25,0
635,66.6,28,0
636,66.6,32,0
637,66.6,35.7,0
638,66.6,29.2,0
639,67.1,25,0
640,66.6,33.3,0
641,66.6,28,0
642,66.1,30.8,0
643,66.6,28.6,0
644,66.6,28,0
645,66.6,30.8,0
646,66.6,29.6,0
647,66.6,24,0
648,66.6,25,0
649,66.6,31.1,0
650,67.1,28,0
651,66.6,26.9,0
652,67.1,26.9,0
653,66.6,30.8,0
654,65.5,32.1,0
655,66.6,29.6,0
656,66.6,28,0
657,66.6,29.6,0
658,66.6,25,0
659,66.6,37,0
660,66.6,30.8,0
661,66.6,24,0
662,66.6,28,0
663,66.6,26.9,0
664,66.6,28,0
665,66.6,30.8,0
666,66.6,28.6,0
667,67.1,33.3,0
668,66.1,28,0
669,66.1,33.3,0
670,66.1,26.9,0
671,66.6,28,0
672,66.6,28,0
673,66.1,30.8,0
674,65.5,25,0
675,66.6,26.9,0
676,66.1,25.8,0
677,65.5,27.9,0
678,65.5,28.6,0
679,65.5,25.8,0
680,66.1,30.8,0
681,65.5,34.5,0
682,66.1,24,0
683,65.5,28,0
684,65.5,31,0
685,65.5,30.8,0
686,65.5,28,0
687,65.5,32.1,0
688,65.5,28,0
689,64.5,30.2,0
690,66.1,28,0
691,65.5,30.8,0
692,65.5,26.9,0
693,66.1,29.6,0
694,66.1,25,0
695,66.6,25.9,0
696,65.5,33.3,0
697,66.6,29.6,0
698,66.1,25,0
699,64.5,31,0
700,65.5,30,0
701,65.5,29.6,0
702,65,30.8,0
703,65.5,24,0
704,65.5,34.5,0
705,65.5,25.9,0
706,65.5,29.6,0
707,66.1,29.6,0
708,66.6,33.3,0
709,66.6,34.5,0
710,66.6,26.1,0
711,66.6,24,0
712,66.1,32.1,0
713,66.1,29.6,0
714,66.1,34.5,0
715,66.6,28.6,0
716,66.6,26.9,0
717,67.1,32.1,0
718,66.6,24,0
719,66.6,29.6,0
720,66.1,28.6,0
721,66.6,24,0
722,66.6,26.9,0
723,66.6,24,0
724,66.1,26.9,0
725,66.6,26.9,0
726,66.6,28.6,0
727,66.6,34.5,0
728,66.6,32.1,0
729,66.6,29.6,0
730,66.6,30,0
731,66.1,26.9,0
732,66.6,26.9,0
733,66.1,29.6,0
734,66.6,26.9,0
735,65.5,26.9,0
736,66.1,29.6,0
737,66.1,28.9,0
738,66.1,26.9,0
739,66.6,29.6,0
740,66.1,25.9,0
741,66.6,28.6,0
742,66.1,29.6,0
743,66.1,29.6,0
744,65,25.9,0
745,65.5,29.2,0
746,66.6,32.1,0
747,65.5,31,0
748,66.1,29.6,0
749,66.1,28.6,0
750,66.6,29.6,0
751,66.6,26.9,0
752,66.1,25.9,0
753,65.5,25.9,0
754,66.6,29.6,0
755,65.5,26.2,0
756,66.1,29.4,0
757,66.1,25.9,0
758,66.1,26.9,0
759,66.6,29.6,0
760,65.5,28.6,0
761,66.6,29.6,0
762,66.6,27.6,0
763,66.6,30,0
764,66.6,27.6,0
765,66.6,28.6,0
766,66.1,25.9,0
767,66.6,25.7,0
768,66.6,28.6,0
769,66.1,25.9,0
770,66.6,25.9,0
771,66.6,26.9,0
772,66.6,25,0
773,66.6,27.6,0
774,66.6,25.9,0
775,66.1,27.9,0
776,66.6,25.9,0
777,66.6,27.6,0
778,66.6,28.6,0
779,66.1,28.6,0
780,66.6,33.3,0
781,66.6,29.6,0
782,66.6,28.6,0
783,67.1,27.6,0
784,66.1,25.9,0
785,66.6,31,0
786,66.6,28.6,0
787,65.5,33.3,0
788,65.5,26.7,0
789,65.5,28.6,0
790,65,37.5,0
791,65.5,28.6,0
792,65,26.7,0
793,65.5,26.7,0
794,65,47.1,0
795,65.5,26.7,0
796,65.5,31.2,0
797,65.5,26.7,0
798,65.5,29.4,0
799,66.1,31.3,0
800,65.5,47.4,0
801,66.1,25,0
802,65.5,25,0
803,65.5,37.5,0
804,65.5,26.7,0
805,66.1,42.9,0
806,65.5,42.1,0
807,66.1,33.3,0
808,66.1,26.7,0
809,65.5,26.7,0
810,65.5,35.3,0
811,65.5,33.3,0
812,66.1,44.4,0
813,65.5,26.7,0
814,66.1,26.7,0
815,65,25,0
816,66.1,29.4,0
817,66.1,44.4,0
818,66.1,26.7,0
819,66.1,33.3,0
820,65.5,36.8,0
821,65.5,36.8,0
822,66.1,26.7,0
823,66.6,25,0
824,66.1,33.3,0
825,66.6,29.4,0
826,66.6,25,0
827,65.5,26.7,0
828,65.5,38.9,0
829,66.1,33.3,0
830,66.6,33.3,0
831,66.6,31.6,0
832,65.5,47.4,0
833,66.1,25,0
834,66.6,47.4,0
835,66.6,25,0
836,66.1,33.3,0
837,65.5,25,0
838,66.6,33.3,0
839,65.5,25,0
840,66.6,26.7,0
841,65.5,34.5,0
842,66.6,25,0
843,66.1,25,0
844,66.6,29.4,0
845,65.5,36.8,0
846,66.6,29.4,0
847,66.6,25,0
848,66.6,25,0
849,66.6,24,0
850,66.6,33.3,0
851,65.5,25,0
852,67.1,26.7,0
853,66.6,26.7,0
854,66.6,30.8,0
855,66.6,40,0
856,66.6,38.9,0
857,66.6,25,0
858,66.6,31.2,0
859,66.6,25,0
860,65,29.4,0
861,66.1,26.7,0
862,66.1,29.4,0
863,66.6,29.4,0
864,66.6,29.4,0
865,66.1,29.4,0
866,67.1,25,0
867,66.6,40,0
868,66.6,29.4,0
869,67.1,25,0
870,66.1,30.4,0
871,66.6,27.8,0
872,66.6,29.4,0
873,66.6,38.9,0
874,66.1,31.2,0
875,66.1,29.4,0
876,66.6,30,0
877,66.6,31.6,0
878,66.6,29.4,0
879,66.6,26.9,0
880,66.6,29.4,0
881,66.6,35.5,0
882,66.6,33.3,0
883,66.1,33.3,0
884,66.6,33.3,0
885,66.6,31.6,0
886,66.6,25,0
887,66.6,33.3,0
888,66.6,33.3,0
889,66.6,23.5,0
890,66.6,23.5,0
891,66.6,35,0
892,66.6,29.4,0
893,66.6,31.6,0
894,66.6,36.8,0
895,66.6,25,0
896,66.6,27.8,0
897,66.6,31.6,0
898,67.1,23.5,0
899,66.6,26.3,0
900,66.6,31.6,0
901,67.1,36.8,0
902,66.6,27.8,0
903,66.6,33.3,0
904,66.6,23.5,0
905,66.6,36,0
906,65.5,29.4,0
907,66.6,31.6,0
908,66.6,25,0
909,66.6,23.5,0
910,66.6,29.4,0
911,66.6,33.3,0
912,66.6,38.1,0
913,66.6,33.3,0
914,66.6,31.6,0
915,66.6,27.8,0
916,66.6,33.3,0
917,66.6,27.8,0
918,67.1,23.5,0
919,67.1,27.8,0
920,66.6,26.3,0
921,67.1,27.8,0
922,66.6,29.4,0
923,66.6,27.8,0
924,66.6,30,0
925,66.6,36.4,0
926,67.1,33.3,0
927,66.6,40.6,0
928,66.6,31.6,0
929,66.6,27.8,0
930,66.6,30,0
931,67.1,27.8,0
932,67.1,23.5,0
933,66.6,30,0
934,67.1,38.1,0
935,67.7,36.8,0
936,67.1,35,0
937,67.7,26.3,0
938,67.1,31.6,0
939,67.1,31.6,0
940,66.6,23.5,0
941,67.1,31.6,0
942,67.1,30,0
943,67.1,35,0
944,67.1,38.1,0
945,67.1,26.3,0
946,67.1,33.3,0
947,67.1,31.6,0
948,67.1,31.6,0
949,66.6,33.3,0
950,67.1,23.5,0
951,67.7,26.3,0
952,66.6,31.6,0
953,67.1,23.5,0
954,67.1,33.3,0
955,66.6,26.3,0
956,66.6,30.4,0
957,66.6,26.3,0
958,66.6,31.3,0
959,67.1,23.5,0
960,67.1,31.6,0
961,66.6,38.1,0
962,66.6,30,0
963,67.1,35,0
964,67.7,26.3,0
965,66.6,26.3,0
966,67.1,31.6,0
967,67.1,31.6,0
968,67.1,31.6,0
969,67.1,27.8,0
970,66.6,26.3,0
971,67.1,30,0
972,67.1,31.8,0
973,67.1,27.8,0
974,67.7,35,0
975,67.1,36.4,0
976,67.1,31.3,0
977,67.7,26.7,0
978,67.1,39.3,0
979,66.6,31.3,0
980,67.1,26.3,0
981,66.6,26.7,0
982,66.6,42.1,0
983,67.1,31.3,0
984,67.1,31.2,0
985,66.6,33.3,0
986,66.6,29.4,0
987,66.6,35.3,0
988,66.6,26.7,0
989,66.6,29.4,0
990,66.6,31.2,0
991,66.6,29.4,0
992,66.6,31.2,0
993,67.1,35.5,0
994,66.6,35.3,0
995,66.6,35.3,0
996,66.6,33.3,0
997,66.6,31.3,0
998,67.1,33.3,0
999,66.6,36.8,0
1000,67.7,25,0
1001,67.1,25,0
1002,66.6,25,0
1003,67.7,31.3,0
1004,66.6,35.3,0
1005,67.1,31.3,0
1006,67.1,25,0
1007,67.7,29.4,0
1008,67.1,25,0
1009,67.1,25,0
1010,67.1,25,0
1011,66.6,40,0
1012,66.6,29.4,0
1013,66.6,37.9,0
1014,66.6,38.9,0
1015,67.1,35.3,0
1016,66.6,29.4,0
1017,66.6,45,0
1018,67.1,35.3,0
1019,67.7,42.1,0
1020,65.5,31.3,0
1021,66.6,26.7,0
1022,67.1,42.1,0
1023,66.6,36.8,0
1024,67.1,34.5,0
1025,67.1,54.5,0
1026,67.1,36.8,0
1027,67.1,36.8,0
1028,67.7,35.3,0
1029,66.6,29.4,0
1030,66.6,33.3,0
1031,66.6,29.4,0
1032,67.1,26.7,0
1033,67.1,35,0
1034,67.1,40,0
1035,67.1,33.3,0
1036,66.6,25,0
1037,66.6,27.8,0
1038,67.1,29.4,0
1039,67.1,31.2,0
1040,67.7,23.5,0
1041,67.1,33.3,0
1042,67.1,42.1,0
1043,67.1,26.3,0
1044,67.1,31.6,0
1045,67.1,28.6,0
1046,66.6,31.6,0
1047,67.1,27.8,0
1048,67.1,25,0
1049,67.7,29.4,0
1050,67.1,23.5,0
1051,67.7,31.6,0
1052,66.6,23.5,0
1053,66.6,23.5,0
1054,66.6,29.4,0
1055,67.1,31.3,0
1056,67.1,40,0
1057,66.6,33.3,0
1058,67.1,31.6,0
1059,66.6,23.5,0
1060,67.1,35,0
1061,66.6,35.3,0
1062,67.1,36.8,0
1063,66.6,25,0
1064,67.1,35,0
1065,66.6,23.5,0
1066,67.1,25,0
1067,67.1,25,0
1068,67.1,27.8,0
1069,67.1,27.8,0
1070,66.6,34.6,0
1071,67.7,27.8,0
1072,67.7,23.5,0
1073,67.1,36.8,0
1074,67.1,27.6,0
1075,67.1,40,0
1076,67.1,33.3,0
1077,67.7,27.8,0
1078,66.6,30,0
1079,67.1,31.6,0
1080,67.1,27.8,0
1081,67.1,37.1,0
1082,66.6,25,0
1083,67.1,35,0
1084,66.6,39.3,0
1085,66.6,29.4,0
1086,66.6,23.5,0
1087,66.6,33.3,0
1088,66.6,34.8,0
1089,66.6,38.1,0
1090,67.1,22.2,0
1091,66.6,29.6,0
1092,67.7,23.5,0
1093,67.1,33.3,0
1094,67.1,32.3,0
1095,67.7,36.8,0
1096,67.1,27.8,0
1097,67.7,41.9,0
1098,67.1,31.6,0
1099,67.7,31.6,0
1100,67.1,27.8,0
1101,67.7,43.5,0
1102,67.7,27.8,0
1103,66.6,31.6,0
1104,66.6,23.5,0
1105,66.6,27.8,0
1106,66.6,26.3,0
1107,66.6,27.8,0
1108,66.6,31.6,0
1109,67.1,23.5,0
1110,66.6,22.2,0
1111,67.1,31.6,0
1112,66.6,32.3,0
1113,67.1,26.3,0
1114,67.7,36.8,0
1115,67.7,22.2,0
1116,67.1,35,0
1117,66.6,26.3,0
1118,67.1,26.3,0
1119,67.7,40,0
1120,67.7,30,0
1121,67.7,31.6,0
1122,67.7,26.3,0
1123,67.1,33.3,0
1124,67.7,30,0
1125,67.1,33.3,0
1126,67.1,27.8,0
1127,67.1,26.3,0
1128,67.1,26.3,0
1129,67.1,31.6,0
1130,67.1,35,0
1131,67.7,23.5,0
1132,67.1,27.8,0
1133,67.1,31.6,0
1134,67.1,27.8,0
1135,67.7,27.8,0
1136,67.1,30,0
1137,67.1,30,0
1138,66.6,27.3,0
1139,67.7,31.6,0
1140,66.6,33.3,0
1141,67.1,31.8,0
1142,67.7,26.3,0
1143,67.7,31.6,0
1144,67.1,39.1,0
1145,67.7,25.9,0
1146,66.6,26.3,0
1147,67.1,30,0
1148,66.6,33.3,0
1149,66.6,35,0
1150,67.7,30,0
1151,67.1,33.3,0
1152,67.1,33.3,0
1153,66.6,30,0
1154,67.1,33.3,0
1155,66.6,40.9,0
1156,67.1,28.6,0
1157,67.7,35,0
1158,66.6,39.3,0
1159,66.6,31.2,0
1160,67.7,26.3,0
1161,67.7,26.3,0
1162,67.1,26.3,0
1163,67.7,30,0
1164,67.1,33.3,0
1165,67.7,31.8,0
1166,67.7,26.3,0
1167,67.1,36.4,0
1168,67.1,28.6,0
1169,66.6,25,0
1170,67.7,35,0
1171,66.6,27.8,0
1172,66.6,26.3,0
1173,66.6,30,0
1174,66.6,26.3,0
1175,66.6,36.4,0
1176,67.1,31,0
1177,67.1,26.3,0
1178,66.6,25,0
1179,66.6,33.3,0
1180,66.6,36.4,0
1181,67.7,25,0
1182,66.6,36.4,0
1183,66.6,36.4,0
1184,66.6,25,0
1185,66.6,34.5,0
1186,66.6,26.3,0
1187,66.6,26.3,0
1188,66.6,26.3,0
1189,66.6,26.3,0
1190,66.6,30,0
1191,66.6,26.3,0
1192,67.1,33.3,0
1193,66.1,31.8,0
1194,66.6,28.9,0
1195,66.6,31.8,0
1196,66.1,26.3,0
1197,67.1,38.1,0
1198,66.6,25,0
1199,67.1,31.8,0
1200,66.6,28.6,0
1201,66.6,27.6,0
1202,66.6,33.3,0
1203,66.6,28.6,0
1204,67.7,27.3,0
1205,67.1,33.3,0
1206,66.6,30,0
1207,61.2,33.3,0
1208,65,26.3,0
1209,66.6,28.6,0
1210,66.6,26.3,0
1211,66.6,30,0
1212,66.6,25,0
1213,66.6,28.6,0
1214,66.6,36.4,0
1215,67.1,25,0
1216,67.1,28.6,0
1217,66.6,40,0
1218,66.6,33.3,0
1219,66.6,23.8,0
1220,67.1,33.3,0
1221,66.6,25,0
1222,66.6,28.6,0
1223,66.6,31.4,0
1224,66.6,31.8,0
1225,67.1,23.8,0
1226,66.6,31.8,0
1227,67.1,26.3,0
1228,66.6,25,0
1229,67.1,30.4,0
1230,67.1,28.6,0
1231,67.1,37.5,0
1232,66.6,31.8,0
1233,66.6,28.6,0
1234,66.6,31.8,0
1235,67.1,31,0
1236,66.6,31.8,0
1237,66.6,31.8,0
1238,66.6,25,0
1239,66.6,27.3,0
1240,66.6,41.7,0
1241,66.6,28.6,0
1242,66.1,31.8,0
1243,66.6,31.8,0
1244,66.6,30,0
1245,66.6,28.6,0
1246,67.1,31.8,0
1247,66.6,23.8,0
1248,66.6,23.8,0
1249,66.6,30.4,0
1250,67.1,28.6,0
1251,66.6,33.3,0
1252,66.6,34.8,0
1253,67.1,33.3,0
1254,66.6,28.6,0
1255,66.6,30,0
1256,66.6,30.3,0
1257,67.1,34.8,0
1258,67.1,25,0
1259,67.1,31.8,0
1260,67.1,30.4,0
1261,66.6,30.4,0
1262,66.6,32.1,0
1263,66.6,25,0
1264,66.6,30.4,0
1265,67.1,37.5,0
1266,66.6,31.8,0
1267,66.6,26.7,0
1268,66.6,25,0
1269,67.1,39.1,0
1270,66.6,27.3,0
1271,67.1,23.8,0
1272,66.6,40,0
1273,66.6,37.5,0
1274,66.6,30.3,0
1275,66.6,28.6,0
1276,66.6,26.1,0
1277,67.1,33.3,0
1278,66.6,23.8,0
1279,66.6,37.5,0
1280,67.1,37.5,0
1281,66.6,34.8,0
1282,67.1,27.3,0
1283,67.1,38.5,0
1284,66.6,30.4,0
1285,66.6,30.4,0
1286,67.1,31.8,0
1287,65.5,30,0
1288,65.5,28.6,0
1289,66.1,28.6,0
1290,66.6,27.3,0
1291,65.5,28.2,0
1292,66.6,29.2,0
1293,66.6,36.7,0
1294,66.6,23.8,0
1295,66.6,30.4,0
1296,66.6,34.8,0
1297,67.1,27.3,0
1298,66.6,23.8,0
1299,66.6,26.1,0
1300,66.6,31.8,0
1301,66.6,28.6,0
1302,66.6,33.3,0
1303,66.6,34.8,0
1304,66.6,28.6,0
1305,66.6,31.8,0
1306,66.6,27.3,0
1307,66.6,28.6,0
1308,66.6,26.1,0
1309,66.6,33.3,0
1310,67.1,27.3,0
1311,67.1,30.4,0
1312,66.6,26.1,0
1313,66.6,27.3,0
1314,67.1,36,0
1315,66.6,29.2,0
1316,66.6,29.7,0
1317,66.6,27.3,0
1318,66.6,31.8,0
1319,67.1,27.3,0
1320,66.6,32,0
1321,66.6,23.8,0
1322,66.6,28,0
1323,66.6,31.8,0
1324,66.6,30.4,0
1325,66.6,31.8,0
1326,66.6,38.5,0
1327,66.1,27.3,0
1328,66.6,31.8,0
1329,66.1,27.3,0
1330,66.1,34.2,0
1331,66.6,26.1,0
1332,66.6,30.4,0
1333,65,31.8,0
1334,65.5,36.4,0
1335,65.5,31.8,0
1336,66.1,41.7,0
1337,62.3,31.7,0
1338,65,26.1,0
1339,65.5,30.4,0
1340,65.5,27.3,0
1341,66.1,29.2,0
1342,66.1,26.1,0
1343,66.6,26.1,0
1344,66.6,30.4,0
1345,66.6,29.2,0
1346,66.6,36,0
1347,66.6,32.1,0
1348,66.6,25,0
1349,66.6,41.9,0
1350,66.6,29.2,0
1351,67.1,36,0
1352,66.6,29.4,0
1353,66.6,23.8,0
1354,66.6,30.4,0
1355,66.6,26.1,0
1356,67.1,27.3,0
1357,67.7,33.3,0
1358,66.1,40.5,0
1359,66.6,39.3,0
1360,66.6,29.2,0
1361,66.6,30.4,0
1362,67.1,29.2,0
1363,67.7,29.2,0
1364,67.1,26.1,0
1365,66.6,36,0
1366,66.6,26.1,0
1367,66.6,26.1,0
1368,66.6,30.4,0
1369,67.1,33.3,0
1370,67.1,26.1,0
1371,67.1,27.3,0
1372,66.6,28,0
1373,66.6,29.2,0
1374,66.6,29.2,0
1375,67.7,26.1,0
1376,67.1,25,0
1377,66.6,30.4,0
1378,66.6,29.2,0
1379,66.1,33.3,0
1380,66.6,26.1,0
1381,66.6,29.2,0
1382,66.6,31.8,0
1383,66.6,30.4,0
1384,66.6,33.3,0
1385,67.1,34.6,0
1386,66.6,25,0
1387,66.6,28.9,0
1388,66.6,28,0
1389,66.6,28,0
1390,66.6,34.4,0
1391,66.6,33.3,0
1392,66.6,29.2,0
1393,67.1,32,0
1394,67.1,29.2,0
1395,66.6,26.1,0
1396,66.6,34.6,0
1397,66.6,28,0
1398,67.1,29.2,0
1399,66.6,28,0
1400,67.1,29.2,0
1401,66.6,29.6,0
1402,66.6,32,0
1403,67.1,32,0
1404,67.1,28,0
1405,66.6,32,0
1406,66.6,28,0
1407,66.6,25,0
1408,66.6,29.2,0
1409,67.1,29.2,0
1410,66.6,29.2,0
1411,67.1,26.1,0
1412,67.1,30.8,0
1413,67.1,26.1,0
1414,67.1,30.8,0
1415,66.6,31,0
1416,66.6,34.6,0
1417,67.7,28,0
1418,67.7,25,0
1419,66.6,28,0
1420,66.6,26.1,0
1421,66.6,32,0
1422,66.1,37,0
1423,66.1,27.5,0
1424,66.6,28,0
1425,66.6,29.2,0
1426,66.6,32,0
1427,66.6,30.8,0
1428,66.6,32,0
1429,67.1,29.2,0
1430,66.6,25,0
1431,66.6,33.3,0
1432,67.1,25,0
1433,67.7,28.6,0
1434,66.6,26.1,0
1435,67.1,28,0
1436,67.1,28,0
1437,67.1,29.2,0
1438,67.1,30.8,0
1439,67.7,29.4,0
1440,67.1,26.7,0
1441,67.1,33.3,0
1442,67.7,29.4,0
1443,67.1,40,0
1444,66.6,35.3,0
1445,67.7,25,0
1446,67.7,36.8,0
1447,67.1,35.3,0
1448,70.9,28.2,1
1449,67.7,29.4,0
1450,71.4,20,1
1451,67.7,31.3,0
1452,70.9,12.1,1
1453,67.7,33.3,0
1454,70.4,84.4,0
1455,70.9,27.7,1
1456,70.4,21.1,1
1457,68.8,52.9,0
1458,69.8,58.8,0
1459,69.8,50,0
1460,70.9,36.8,1
1461,70.4,39.5,1
1462,67.1,25,0
1463,67.1,26.7,0
1464,66.6,25,0
1465,67.7,33.3,0
1466,67.1,31.3,0
1467,66.6,25,0
1468,67.1,38.9,0
1469,67.1,26.7,0
1470,67.1,25,0
1471,67.1,31.3,0
1472,68.8,57.9,0
1473,70.4,56.2,0
1474,70.9,43.2,1
1475,70.9,38.9,1
1476,71.4,37.5,1
1477,70.9,53.5,1
1478,72,37.5,1
1479,71.4,41,1
1480,72,38.2,1
1481,71.4,40,1
1482,73.1,37.1,1
1483,73.1,39.4,1
1484,73.1,40,1
1485,72.5,34.4,1
1486,73.1,38.9,1
1487,73.1,47.5,1
1488,73.1,36.1,1
1489,73.1,43.2,1
1490,73.1,33.3,1
1491,73.1,41.7,1
1492,73.1,37.8,1
1493,73.1,41,1
1494,73.1,40,1
1495,70.9,23.3,1
1496,69.8,36.4,0
1497,69.3,36.8,0
1498,68.8,36.7,0
1499,69.3,23.5,0
1500,68.8,31.6,0
1501,68.8,42.9,0
1502,69.3,47.6,0
1503,68.8,23.5,0
1504,68.8,43.5,0
1505,70.9,44.7,1
1506,69.8,37.1,1
1507,70.9,44.7,1
1508,70.9,40,1
1509,71.4,40,1
1510,70.9,36.8,1
1511,72,36.8,1
1512,72,37.1,1
1513,72,40.5,1
1514,72,42.5,1
1515,72,40.5,1
1516,72.5,41,1
1517,72.5,37.1,1
1518,72,42.5,1
1519,71.4,38.9,1
1520,73.1,40.5,1
1521,73.1,41.9,1
1522,72.5,36.6,1
1523,72.5,37.5,1
1524,72.5,36.8,1
1525,72.5,42.9,1
1526,73.1,40.5,1
1527,70.9,21.6,1
1528,69.3,35,0
1529,69.8,27.8,0
1530,68.8,27.8,0
1531,69.3,31.6,0
1532,69.3,38.1,0
1533,68.8,23.5,0
1534,68.8,31.6,0
1535,69.3,31.6,0
1536,69.8,23.5,0
1537,68.8,23.5,0
1538,68.8,33.3,0
1539,68.8,35,0
1540,68.8,27.8,0
1541,69.3,33.3,0
1542,68.8,27.8,0
1543,68.8,23.5,0
1544,68.2,39.3,0
1545,67.7,36.4,0
1546,68.8,27.8,0
1547,67.7,35,0
1548,70.4,36.8,1
1549,70.9,38.9,1
1550,69.8,39.5,1
1551,70.9,41,1
1552,71.4,40,1
1553,72,34.7,1
1554,72,35.9,1
1555,72.5,35.9,1
1556,72,37.8,1
1557,71.4,37.1,1
1558,72,40.5,1
1559,71.4,42.2,1
1560,72,38.5,1
1561,72,37.8,1
1562,72,38.9,1
1563,72,36.8,1
1564,72,35,1
1565,72.5,37.5,1
1566,72,40.9,1
1567,72,37.1,1
1568,72,41.7,1
1569,72,41,1
1570,71.4,37.5,1
1571,70.4,26.8,1
1572,69.8,30,0
1573,68.8,31.6,0
1574,69.3,54.5,0
1575,68.8,31.6,0
1576,68.8,27.8,0
1577,68.8,30,0
1578,68.8,31.6,0
1579,69.3,36.8,0
1580,68.8,23.5,0
1581,67.7,26.3,0
1582,67.7,31.6,0
1583,67.7,40,0
1584,68.2,27.8,0
1585,68.2,31.6,0
1586,67.7,40,0
1587,67.1,27.8,0
1588,67.1,50,0
1589,68.2,50,0
1590,69.3,53.3,0
1591,69.8,50,0
1592,70.9,40,1
1593,70.9,35.1,1
1594,70.9,44.2,1
1595,72,35.3,1
1596,72,41.5,1
1597,71.4,38.5,1
1598,72,37.8,1
1599,72.5,41.7,1
1600,72,42.5,1
1601,72,72.2,1
1602,72.5,36.8,1
1603,73.1,38.2,1
1604,73.6,46.8,1
1605,72.5,35.1,1
1606,73.1,35.9,1
1607,73.1,42.5,1
1608,73.6,43.2,1
1609,70.9,15.4,1
1610,69.8,42.1,0
1611,69.8,25,0
1612,69.8,27.8,1
1613,68.2,42.1,0
1614,69.3,25.9,0
1615,68.8,25,0
1616,68.8,36.8,0
1617,68.8,26.3,0
1618,68.8,29.4,0
1619,68.2,29.4,0
1620,68.8,25,0
1621,68.8,59.1,0
1622,68.8,27.8,0
1623,67.7,25,0
1624,67.7,25,0
1625,68.2,36.8,0
1626,67.7,45,0
1627,68.8,38.9,0
1628,67.7,35,0
1629,68.2,35,0
1630,67.7,36.8,0
1631,67.7,47.4,0
1632,67.7,23.5,0
1633,67.7,27.8,0
1634,68.2,33.3,0
1635,67.7,25,0
1636,68.2,31.6,0
1637,68.8,25,0
1638,67.7,40.7,0
1639,67.7,23.5,0
1640,68.2,31.6,0
1641,68.2,44.1,0
1642,68.8,39.1,0
1643,67.7,27.8,0
1644,68.8,29.4,0
1645,68.8,35,0
1646,68.2,31.6,0
1647,67.7,23.5,0
1648,68.8,27.6,0
1649,68.8,43.5,0
1650,68.8,23.5,0
1651,67.7,22.2,0
1652,67.7,23.5,0
1653,67.7,42.9,0
1654,69.3,61.5,0
1655,70.9,40,1
1656,70.4,40,1
1657,70.9,39,1
1658,71.4,40.7,1
1659,72,38.2,1
1660,72,46.3,1
1661,70.9,39.6,1
1662,72,43.2,1
1663,72,50,1
1664,72.5,34.9,1
1665,72,44.7,1
1666,72.5,37.8,1
1667,73.1,42.9,1
1668,72.5,41.7,1
1669,72.5,38.5,1
1670,73.1,46.2,1
1671,72.5,36,1
1672,73.1,42.9,1
1673,73.1,44.4,1
1674,72.5,47.4,1
1675,73.1,40.5,1
1676,71.4,21.3,1
1677,69.8,25.9,0
1678,70.9,13.5,1
1679,69.3,29.4,0
1680,69.8,43.5,0
1681,69.3,38.1,0
1682,69.3,42.9,0
1683,69.3,31.6,0
1684,68.8,31.6,0
1685,69.3,35,0
1686,68.8,35,0
1687,68.8,31.6,0
1688,68.8,26.3,0
1689,68.8,27.8,0
1690,69.3,38.1,0
1691,68.8,40,0
1692,68.8,35,0
1693,68.2,39.1,0
1694,68.8,33.3,0
1695,68.2,29,0
1696,68.8,40.6,0
1697,68.8,35,0
1698,68.8,50,0
1699,67.7,31.8,0
1700,68.8,43.5,0
1701,68.2,23.5,0
1702,68.2,26.3,0
1703,68.8,27.8,0
1704,68.8,30,0
1705,69.3,38.9,0
1706,69.3,30,0
1707,68.8,26.3,0
1708,67.7,30,0
1709,68.2,28.6,0
1710,68.8,26.3,0
1711,68.8,28.6,0
1712,68.8,33.3,0
1713,67.7,30,0
1714,67.7,40,0
1715,68.2,33.3,0
1716,67.7,22.2,0
1717,67.7,26.3,0
1718,68.8,26.3,0
1719,68.8,52.4,0
1720,67.7,26.3,0
1721,68.8,40.9,0
1722,68.8,30,0
1723,68.8,26.3,0
1724,68.8,27.3,0
1725,68.8,26.3,0
1726,68.8,26.3,0
1727,68.8,30,0
1728,68.8,31.6,0
1729,68.8,26.3,0
1730,67.7,27.8,0
1731,68.8,26.3,0
1732,67.7,25,0
1733,68.8,31.8,0
1734,69.3,26.3,0
1735,67.7,31.8,0
1736,68.8,45.5,0
1737,70.4,36.1,1
1738,70.9,34,1
1739,70.9,43.5,1
1740,72,35,1
1741,72,42.1,1
1742,72,38.9,1
1743,72,38.1,1
1744,72.5,42.1,1
1745,72,44.9,1
1746,72,40.5,1
1747,73.1,47.5,1
1748,73.1,46.3,1
1749,73.1,46.3,1
1750,73.1,40.5,1
1751,73.1,37.8,1
1752,73.1,43.2,1
1753,74.1,36.1,1
1754,73.6,34.9,1
1755,72.5,46.2,1
1756,73.1,38.1,1
1757,73.1,30.5,1
1758,73.6,40.5,1
1759,70.9,16.3,1
1760,69.8,19.5,1
1761,69.3,26.3,0
1762,69.8,30,0
1763,69.8,36.4,0
1764,69.3,41.9,0
1765,69.8,25,0
1766,69.3,57.7,0
1767,69.3,30,0
1768,68.8,25,0
1769,68.8,31.6,0
1770,68.8,25,0
1771,69.3,28.6,0
1772,69.3,25,0
1773,68.8,36.4,0
1774,68.8,31,0
1775,69.3,34.8,0
1776,68.2,30,0
1777,68.8,43.5,0
1778,68.2,26.3,0
1779,67.7,25,0
1780,68.8,26.3,0
1781,67.7,25,0
1782,67.7,39.1,0
1783,67.7,31.8,0
1784,67.7,30,0
1785,67.7,31.6,0
1786,68.2,31.8,0
1787,68.8,37.5,0
1788,67.7,31.8,0
1789,67.7,25,0
1790,67.7,34.8,0
1791,68.8,31.8,0
1792,68.8,27.3,0
1793,68.8,33.3,0
1794,67.7,28.6,0
1795,67.7,28.1,0
1796,67.7,30.4,0
1797,68.8,31.8,0
1798,67.7,25,0
1799,68.8,25,0
1800,67.7,35.5,0
1801,68.2,23.8,0
1802,68.8,33.3,0
1803,68.2,31.8,0
1804,67.7,28.6,0
1805,67.7,31.8,0
1806,67.7,27.3,0
1807,67.7,31.8,0
1808,67.7,25,0
1809,67.7,28.6,0
1810,68.8,33.3,0
1811,68.2,28.6,0
1812,68.8,33.3,0
1813,68.2,37.5,0
1814,67.7,25,0
1815,67.7,41.7,0
1816,68.8,43.5,0
1817,67.7,23.8,0
1818,68.2,23.8,0
1819,67.7,35.3,0
1820,68.8,33.3,0
1821,68.2,29.2,0
1822,67.1,36.4,0
1823,68.2,23.8,0
1824,68.8,28.6,0
1825,68.8,39.1,0
1826,68.2,31,0
1827,67.7,27.3,0
1828,68.8,27.3,0
1829,67.7,33.3,0
1830,67.7,34.3,0
1831,67.7,31.8,0
1832,67.7,27.3,0
1833,68.8,30.4,0
1834,68.8,34.8,0
1835,67.7,28.6,0
1836,68.2,30.4,0
1837,68.8,34.8,0
1838,67.7,40.6,0
1839,68.2,30.4,0
1840,67.7,23.8,0
1841,67.7,27.3,0
1842,67.7,31.8,0
1843,67.7,25,0
1844,67.7,34.8,0
1845,67.7,28.6,0
1846,67.7,30.4,0
1847,67.1,33.3,0
1848,67.1,23.8,0
1849,67.7,27.3,0
1850,67.7,23.8,0
1851,67.7,27.3,0
1852,67.7,40.9,0
1853,67.7,28.6,0
1854,70.4,40.9,1
1855,70.4,37.5,1
1856,70.9,41.9,1
1857,70.9,40,1
1858,71.4,40.9,1
1859,71.4,42.6,1
1860,70.9,42.2,1
1861,72,46,1
1862,71.4,47.1,1
1863,71.4,38.1,1
1864,72,40,1
1865,72.5,36.4,1
1866,72,36.4,1
1867,73.1,38.9,1
1868,73.1,41.9,1
1869,73.1,40.9,1
1870,73.1,40.9,1
1871,73.1,39,1
1872,73.6,40.5,1
1873,73.6,39,1
1874,73.1,38.5,1
1875,73.1,40,1
1876,71.4,27.3,1
1877,69.8,26.1,0
1878,69.8,50,0
1879,70.4,13.6,1
1880,68.8,33.3,0
1881,68.8,30.4,0
1882,69.3,26.1,0
1883,69.3,33.3,0
1884,69.3,39.1,0
1885,68.8,27.3,0
1886,68.8,26.1,0
1887,68.8,27.3,0
1888,68.8,36,0
1889,68.8,26.1,0
1890,69.8,37.5,0
1891,68.8,37.5,0
1892,69.3,46.2,0
1893,68.8,31.4,0
1894,68.8,26.1,0
1895,68.8,26.1,0
1896,68.8,44,0
1897,67.7,27.3,0
1898,68.2,26.3,0
1899,68.2,26.1,0
1900,68.8,29.2,0
1901,67.7,27.3,0
1902,67.7,27.3,0
1903,67.7,36,0
1904,68.2,31,0
1905,67.7,44.4,0
1906,67.7,25,0
1907,67.7,29.2,0
1908,67.7,29.2,0
1909,67.7,30.4,0
1910,67.7,27.3,0
1911,67.7,41.4,0
1912,67.7,29.2,0
1913,67.7,51.9,0
1914,67.7,37.1,0
1915,67.1,28,0
1916,66.6,26.1,0
1917,66.6,26.5,0
1918,67.1,30.4,0
1919,67.7,27.3,0
1920,67.7,26.1,0
1921,66.6,26.1,0
1922,67.1,27.3,0
1923,67.7,30.4,0
1924,67.7,32,0
1925,67.7,26.1,0
1926,67.1,31.8,0
1927,67.7,30.4,0
1928,68.8,29.2,0
1929,67.7,26.1,0
1930,67.7,26.1,0
1931,67.7,27.3,0
1932,67.7,30.4,0
1933,68.2,48.1,0
1934,67.7,26.1,0
1935,67.7,29.2,0
1936,67.7,26.1,0
1937,67.7,25,0
1938,67.7,40,0
1939,67.1,29.2,0
1940,67.7,28,0
1941,67.7,37,0
1942,67.7,39.1,0
1943,67.1,35.7,0
1944,67.7,25,0
1945,67.7,34.6,0
1946,67.1,29.2,0
1947,67.7,25,0
1948,67.1,32,0
1949,67.1,26.1,0
1950,67.7,28,0
1951,66.6,37,0
1952,67.1,26.1,0
1953,67.1,29.2,0
1954,67.1,29.2,0
1955,67.7,42.3,0
1956,67.7,35.7,0
1957,67.7,28,0
1958,67.1,29.2,0
1959,67.1,31.3,0
1960,67.7,28,0
1961,67.7,41.9,0
1962,67.7,60.7,0
1963,67.7,28,0
1964,67.7,25,0
1965,67.7,42.9,0
1966,67.7,25,0
1967,69.3,57.7,0
1968,69.8,50,0
1969,70.9,40.4,1
1970,70.4,50,0
1971,72,46.8,1
1972,71.4,41.9,1
1973,72,40.5,1
1974,72,37,1
1975,71.4,40,1
1976,72,44.1,1
1977,72.5,41.7,1
1978,72,40.9,1
1979,72.5,40.9,1
1980,73.1,40.4,1
1981,72,42.9,1
1982,72,47.7,1
1983,72.5,44.7,1
1984,72.5,42.9,1
1985,72.5,37.2,1
1986,73.1,42.9,1
1987,72,40.5,1
1988,72.5,45.5,1
1989,72,39.1,1
1990,70.9,18.5,1
1991,69.8,25,0
1992,69.8,19,1
1993,68.8,26.1,0
1994,69.3,28,0
1995,69.3,28,0
1996,69.3,26.1,0
1997,68.8,24,0
1998,69.3,29.6,0
1999,68.8,25,0
2000,68.8,28,0
2001,68.8,25,0
2002,68.8,53.3,0
2003,68.8,39.3,0
2004,68.8,25,0
2005,68.8,30.8,0
2006,68.8,29.2,0
2007,68.8,32,0
2008,68.2,29.2,0
2009,68.8,24,0
2010,67.7,25.6,0
2011,68.2,30.8,0
2012,68.8,24,0
2013,67.7,34.5,0
2014,69.3,30.8,0
2015,68.8,24,0
2016,67.7,30.3,0
2017,67.7,24,0
2018,68.8,26.9,0
2019,67.7,28.1,0
2020,67.7,29.6,0
2021,67.7,34.6,0
2022,68.2,32.1,0
2023,67.7,24,0
2024,68.8,26.9,0
2025,67.7,29.6,0
2026,67.7,28,0
2027,67.7,26.9,0
2028,67.7,33.3,0
2029,67.1,25,0
2030,67.7,29.6,0
2031,67.7,26.9,0
2032,67.7,39.5,0
2033,67.1,24,0
2034,68.2,28,0
2035,67.1,26.9,0
2036,67.7,26.9,0
2037,67.7,28,0
2038,68.2,30.8,0
2039,67.7,30.8,0
2040,68.2,29.6,0
2041,68.8,33.3,0
2042,67.7,25,0
2043,66.6,25.8,0
2044,67.1,32.1,0
2045,67.7,40.7,0
2046,67.7,26.9,0
2047,67.7,33.3,0
2048,67.7,28.6,0
2049,67.7,33.3,0
2050,67.7,25,0
2051,67.7,33.3,0
2052,67.7,24,0
2053,68.8,35.7,0
2054,67.7,29.6,0
2055,67.1,28.6,0
2056,67.7,34.5,0
2057,67.7,24,0
2058,67.7,36.1,0
2059,67.7,26.9,0
2060,68.8,29.6,0
2061,68.2,42.4,0
2062,67.7,39.3,0
2063,68.8,26.9,0
2064,68.8,26.9,0
2065,67.7,26.3,0
2066,68.8,28,0
2067,67.7,32.1,0
2068,67.7,34.5,0
2069,68.2,40.6,0
2070,68.2,42.9,0
2071,68.2,28.6,0
2072,68.8,26.9,0
2073,68.2,26.9,0
2074,68.8,28.1,0
2075,68.8,29.6,0
2076,68.8,35.7,0
2077,68.8,32.1,0
2078,68.8,46.9,0
2079,68.8,28.6,0
2080,68.8,25.9,0
2081,68.8,29.6,0
2082,67.7,31,0
2083,68.8,29.6,0
2084,67.7,25.9,0
2085,67.7,25,0
2086,67.7,28.6,0
2087,68.8,53.6,0
2088,71.4,40.9,1
2089,70.9,38.6,1
2090,70.9,50,1
2091,72,38.6,1
2092,71.4,41.3,1
2093,71.4,39.1,1
2094,72,39.5,1
2095,72,67.3,1
2096,72,37.5,1
2097,72.5,42.3,1
2098,72,39.6,1
2099,72,43.4,1
2100,72,39.1,1
2101,73.1,42.2,1
2102,73.1,42.6,1
2103,73.1,42.6,1
2104,73.1,47.8,1
2105,72.5,43.1,1
2106,73.1,43.1,1
2107,72,41.3,1
2108,72.5,38.3,1
2109,73.1,42,1
2110,70.4,14.3,1
2111,68.8,29,0
2112,69.8,30,0
2113,68.8,25.9,0
2114,69.3,28.6,0
2115,68.8,41.9,0
2116,69.3,28.6,0
2117,69.3,25.9,0
2118,69.3,32.1,0
2119,68.8,28.6,0
2120,68.8,34.5,0
2121,68.8,32.5,0
2122,68.2,28.6,0
2123,68.2,27.1,0
2124,68.8,28.6,0
2125,68.8,34.5,0
2126,68.8,43.2,0
2127,68.8,27.6,0
2128,68.8,25.9,0
2129,68.8,30,0
2130,68.2,25,0
2131,67.7,37,0
2132,68.8,24.1,0
2133,68.2,28.6,0
2134,68.2,28.6,0
2135,67.7,25.9,0
2136,68.8,25,0
2137,68.2,25.8,0
2138,68.2,37.9,0
2139,67.7,29,0
2140,68.2,27.6,0
2141,68.2,37.5,0
2142,67.7,25,0
2143,67.7,33.3,0
2144,67.7,33.3,0
2145,68.2,40.6,0
2146,67.7,34.5,0
2147,67.7,25,0
2148,68.8,28.6,0
2149,67.7,27.6,0
2150,68.8,28.6,0
2151,67.7,28.6,0
2152,68.8,36.4,0
2153,67.7,25,0
2154,68.2,30,0
2155,68.2,28.3,0
2156,68.2,27.6,0
2157,67.7,27.6,0
2158,67.7,28.9,0
2159,67.7,25,0
2160,67.7,31,0
2161,68.2,32.3,0
2162,68.2,35.5,0
2163,67.7,34.5,0
2164,67.7,25.9,0
2165,67.7,26.7,0
2166,67.7,30,0
2167,67.7,25,0
2168,67.7,26.7,0
2169,68.2,25.9,0
2170,67.7,30,0
2171,67.7,32.3,0
2172,67.7,25.9,0
2173,67.7,29.6,0
2174,68.2,33.3,0
2175,68.2,32.3,0
2176,68.2,25,0
2177,67.7,28.4,0
2178,68.2,30,0
2179,67.1,30,0
2180,67.7,28.3,0
2181,67.7,27.6,0
2182,66.6,40.6,0
2183,67.7,32.3,0
2184,67.7,25.9,0
2185,67.7,34.5,0
2186,67.7,25,0
2187,68.2,29,0
2188,67.7,27.6,0
2189,67.7,34.4,0
2190,68.2,33.3,0
2191,67.7,25.8,0
2192,67.7,29,0
2193,67.7,27.6,0
2194,67.7,27.6,0
2195,67.7,27.6,0
2196,68.2,33.3,0
2197,68.2,25,0
2198,67.7,53.1,0
2199,67.7,30,0
2200,68.2,38.7,0
2201,68.2,29,0
2202,68.2,27.6,0
2203,67.7,27.6,0
2204,67.1,24.1,0
2205,68.8,29,0
2206,67.7,25.9,0
2207,67.7,28.6,0
2208,67.7,32.8,0
2209,67.1,36.7,0
2210,67.7,26.7,0
2211,67.1,35.5,0
2212,67.1,31,0
2213,67.7,26.7,0
2214,67.1,40,0
2215,67.1,28.9,0
2216,67.7,25.9,0
2217,67.1,29,0
2218,67.7,44.1,0
2219,67.1,26.7,0
2220,67.7,31.3,0
2221,67.7,25.8,0
2222,67.1,53.3,0
2223,67.1,30,0
2224,67.7,32.3,0
2225,67.7,26.7,0
2226,67.1,38.9,0
2227,66.6,31.2,0
2228,66.6,27.6,0
2229,67.7,27.6,0
2230,67.1,30,0
2231,67.1,26.7,0
2232,67.7,30,0
2233,67.1,28.6,0
2234,67.7,27.6,0
2235,67.7,33.3,0
2236,67.1,35.5,0
2237,67.7,35.6,0
2238,67.7,25.8,0
2239,67.7,25,0
2240,67.1,36.7,0
2241,67.7,30,0
2242,68.2,30.3,0
2243,67.7,25,0
2244,67.1,27.6,0
2245,67.7,41.3,0
2246,67.7,26.7,0
2247,67.7,26.7,0
2248,67.7,26.7,0
2249,67.7,26.7,0
2250,67.7,30.2,0
2251,67.7,31.4,0
2252,68.2,29,0
2253,68.8,28.6,0
2254,68.8,25.8,0
2255,68.2,26.7,0
2256,68.2,25.8,0
2257,67.7,30,0
2258,67.7,36.4,0
2259,68.2,25.8,0
2260,67.7,24.1,0
2261,67.7,31.2,0
2262,67.7,25.8,0
2263,67.7,25,0
2264,68.8,25.5,0
2265,67.7,31.3,0
2266,67.7,34.4,0
2267,67.7,29,0
2268,67.7,25.8,0
2269,67.7,26.7,0
2270,67.7,28.1,0
2271,68.8,33.3,0
2272,67.7,23.3,0
2273,67.7,33.3,0
2274,67.7,25.8,0
2275,68.2,28.1,0
2276,67.1,26.7,0
2277,67.7,25,0
2278,67.7,28.1,0
2279,67.7,36.4,0
2280,67.1,28.1,0
2281,67.7,25.8,0
2282,67.7,37.5,0
2283,68.8,28.1,0
2284,67.7,31.4,0
2285,67.7,25,0
2286,67.1,27.3,0
2287,67.7,30.3,0
2288,67.7,29,0
2289,67.7,25,0
2290,67.7,29,0
2291,68.2,37.5,0
2292,67.7,36.4,0
2293,69.8,45.1,1
2294,69.8,50,1
2295,70.9,40.8,1
2296,71.4,43.6,1
2297,71.4,40.4,1
2298,72.5,43.1,1
2299,72.5,41.2,1
2300,72,48.3,1
2301,73.1,41.7,1
2302,73.1,39.6,1
2303,73.1,41.7,1
2304,73.1,44.2,1
2305,73.1,40.4,1
2306,73.1,42.9,1
2307,73.1,42,1
2308,73.1,41.7,1
2309,73.1,45.1,1
2310,74.1,43.1,1
2311,73.6,41.7,1
2312,73.1,41.2,1
2313,74.1,41.8,1
2314,73.6,41.1,1
2315,70.9,37.2,1
2316,70.9,37.1,0
2317,69.8,16,1
2318,68.8,28.3,0
2319,69.3,28.1,0
2320,69.3,54.3,0
2321,68.8,30.6,0
2322,69.3,43.2,0
2323,69.3,62.9,0
2324,69.3,26.7,0
2325,68.8,30.3,0
2326,68.8,26.7,0
2327,68.8,26.3,0
2328,68.8,37.1,0
2329,68.8,25.8,0
2330,67.7,34.2,0
2331,68.2,51.4,0
2332,68.8,29.4,0
2333,68.8,34.3,0
2334,68.8,31.2,0
2335,68.8,28.1,0
2336,68.8,29.3,0
2337,68.2,30.3,0
2338,67.7,25.8,0
2339,68.8,34.3,0
2340,68.8,27.3,0
2341,68.8,35.3,0
2342,68.8,28.1,0
2343,68.8,58.9,0
2344,67.7,37.1,0
2345,68.2,27,0
2346,67.7,26.7,0
2347,68.8,28.1,0
2348,67.7,28.6,0
2349,67.7,28.1,0
2350,67.7,28.1,0
2351,67.7,50,0
2352,67.7,31.4,0
2353,67.7,30.3,0
2354,66.6,29.4,0
2355,67.1,28.1,0
2356,67.1,29.4,0
2357,66.6,25.8,0
2358,67.1,33.3,0
2359,67.7,35.3,0
2360,67.1,25.8,0
2361,67.1,25.8,0
2362,67.7,25.8,0
2363,66.6,26.4,0
2364,66.6,28.1,0
2365,67.7,36.1,0
2366,67.7,35.3,0
2367,67.1,36.4,0
2368,67.1,28.8,0
2369,67.1,25,0
2370,66.6,27.3,0
2371,67.1,34.3,0
2372,67.1,30.3,0
2373,66.6,31.4,0
2374,66.6,28,0
2375,64.5,26.7,0
2376,65,25,0
2377,65.5,24.2,0
2378,66.1,31.4,0
2379,66.6,33.3,0
2380,66.6,27.9,0
2381,66.6,27.3,0
2382,66.6,27.3,0
2383,67.7,25,0
2384,67.1,31.4,0
2385,66.6,34.3,0
2386,67.1,30.3,0
2387,67.1,29.4,0
2388,67.7,27.3,0
2389,67.1,26.5,0
2390,67.7,35.1,0
2391,66.6,28.1,0
2392,67.7,27.8,0
2393,67.1,26.5,0
2394,68.2,28.6,0
2395,67.7,28.1,0
2396,67.7,25,0
2397,67.7,27.3,0
2398,67.7,31.4,0
2399,67.1,24.2,0
2400,67.7,33.3,0
2401,67.7,29.4,0
2402,68.2,26.5,0
2403,67.7,27.5,0
2404,67.7,29.4,0
2405,67.7,25,0
2406,68.8,39.5,0
2407,67.7,26.5,0
2408,68.2,31.4,0
2409,67.7,25,0
2410,68.8,35.3,0
2411,67.7,33.3,0
2412,67.7,30.6,0
2413,67.7,30.6,0
2414,67.7,27.8,0
2415,67.7,27.3,0
2416,67.7,29.4,0
2417,68.8,31.4,0
2418,67.7,26.5,0
2419,68.8,31.4,0
2420,68.8,26.5,0
2421,67.7,25.8,0
2422,68.8,31.4,0
2423,68.8,38.9,0
2424,68.8,39.5,0
2425,68.8,27.3,0
2426,67.7,31.4,0
2427,67.7,36.1,0
2428,67.7,30.6,0
2429,67.7,28.6,0
2430,68.2,34.3,0
2431,68.2,26.5,0
2432,68.2,34.3,0
2433,68.8,32.4,0
2434,67.7,35.1,0
2435,67.7,29.4,0
2436,67.7,27.5,0
2437,67.7,30.6,0
2438,68.8,30.6,0
2439,68.2,26.5,0
2440,67.7,25,0
2441,67.7,28.6,0
2442,68.8,27.8,0
2443,67.7,27.8,0
2444,67.7,26.5,0
2445,67.7,45.7,0
2446,68.2,27.9,0
2447,68.2,26.5,0
2448,68.8,29.4,0
2449,68.8,37.8,0
2450,68.8,26.5,0
2451,67.7,30.6,0
2452,68.2,26.5,0
2453,69.3,29.7,0
2454,67.7,27.8,0
2455,68.8,24.2,0
2456,68.8,29.4,0
2457,69.3,35.1,0
2458,68.8,28.6,0
2459,68.8,28.6,0
2460,68.8,30.6,0
2461,68.8,27.3,0
2462,68.8,29.7,0
2463,68.8,29.4,0
2464,68.8,29.3,0
2465,67.7,26.5,0
2466,68.8,26.7,0
2467,67.7,27.6,0
2468,67.7,26.7,0
2469,67.7,44.7,0
2470,67.7,29,0
2471,67.1,30.3,0
2472,67.1,27.3,0
2473,67.1,27.3,0
2474,67.7,26.7,0
2475,67.7,27.8,0
2476,67.7,25.8,0
2477,67.1,27.8,0
2478,68.2,26.5,0
2479,68.8,27.4,0
2480,67.7,29.7,0
2481,67.7,29.4,0
2482,67.7,30.6,0
2483,67.7,28.6,0
2484,67.7,25,0
2485,67.1,27,0
2486,68.8,31.4,0
2487,67.7,25.7,0
2488,67.1,28.6,0
2489,67.7,45.7,0
2490,68.8,31.6,0
2491,67.7,27.8,0
2492,68.2,25,0
2493,67.7,28.9,0
2494,68.8,25.7,0
2495,67.7,28.6,0
2496,68.2,30.6,0
2497,68.8,48.6,0
2498,68.2,31.4,0
2499,68.2,35.3,0
2500,68.2,35,0
2501,67.7,35,0
2502,68.2,24.2,0
2503,68.8,27,0
2504,68.8,27.8,0
2505,68.2,30.6,0
2506,67.7,30.6,0
2507,68.2,24.3,0
2508,68.2,28.6,0
2509,68.2,25.7,0
2510,67.7,38.5,0
2511,67.1,28.6,0
2512,68.8,30.3,0
2513,68.2,37.5,0
2514,67.7,33.3,0
2515,68.2,28.6,0
2516,67.7,56.9,0
2517,68.8,30.6,0
2518,68.2,27.8,0
2519,67.7,33.3,0
2520,67.7,25,0
2521,67.7,25.5,0
2522,67.1,28.6,0
2523,67.7,36.4,0
2524,67.7,31.6,0
2525,68.2,30,0
2526,67.7,27.8,0
2527,68.2,36.1,0
2528,67.1,31.6,0
2529,67.7,27.8,0
2530,67.7,27,0
2531,67.7,25,0
2532,67.7,30.8,0
2533,67.7,31.8,0
2534,67.7,35,0
2535,67.7,27,0
2536,68.2,30.8,0
2537,68.2,27,0
2538,67.7,27,0
2539,67.7,24.3,0
2540,68.2,60.5,0
2541,68.2,27,0
2542,67.7,32.6,0
2543,67.7,30.6,0
2544,68.2,39.5,0
2545,68.8,25.7,0
2546,68.8,25.7,0
2547,67.7,25,0
2548,67.7,27.8,0
2549,67.7,28.9,0
2550,67.1,31.6,0
2551,68.2,31.6,0
2552,68.2,33.3,0
2553,68.2,35.9,0
2554,68.2,31.6,0
2555,67.1,27.8,0
2556,68.2,27.8,0
2557,68.8,27.8,0
2558,67.7,25.7,0
2559,68.8,34.2,0
2560,68.2,52.5,0
2561,67.7,27,0
2562,68.2,27,0
2563,68.8,40,0
2564,68.8,25.7,0
2565,67.7,32.5,0
2566,67.7,25.3,0
2567,68.8,25.7,0
2568,67.7,28.6,0
2569,67.7,26.1,0
2570,67.7,29.4,0
2571,67.1,31.1,0
2572,67.7,54.9,0
2573,67.1,25.8,0
2574,67.1,35.3,0
2575,66.6,29.4,0
2576,66.6,51.4,0
2577,66.6,25,0
2578,67.1,27,0
2579,66.6,25,0
2580,67.1,27.3,0
2581,67.1,25.7,0
2582,67.7,27.8,0
2583,66.6,30.8,0
2584,67.1,28.9,0
2585,67.1,25,0
2586,67.1,29.7,0
2587,67.7,33.3,0
2588,68.8,55,0
2589,69.8,43.6,1
2590,70.9,43.1,1
2591,70.9,43.9,1
2592,71.4,51.7,1
2593,72,42.9,1
2594,72,40.7,1
2595,72,44.4,1
2596,72,45,1
2597,73.1,42.9,1
2598,73.1,45.6,1
2599,73.1,51.4,1
2600,73.1,40.3,1
2601,72,41.8,1
2602,73.1,41.4,1
2603,73.1,40.7,1
2604,72,41.8,1
2605,73.1,46.6,1
2606,73.1,47.4,1
2607,73.1,40.7,1
2608,73.1,48.3,1
2609,73.1,42.6,1
2610,73.1,45.8,1
2611,70.9,14.3,1
2612,69.8,19,1
2613,68.8,28.9,0
2614,69.8,28.9,0
2615,69.3,28.2,0
2616,69.3,27,0
2617,68.8,33.3,0
2618,69.3,37.5,0
2619,67.7,28.2,0
2620,68.8,26.1,0
2621,68.8,25.7,0
2622,68.8,29.3,0
2623,68.8,27.8,0
2624,67.7,29.3,0
2625,68.8,53.7,0
2626,68.8,27,0
2627,68.2,31.6,0
2628,67.7,25.7,0
2629,67.7,28.9,0
2630,67.7,25,0
2631,67.7,27,0
2632,67.7,24.3,0
2633,68.2,25,0
2634,67.7,28.9,0
2635,67.1,28.2,0
2636,67.7,26.3,0
2637,67.7,24.3,0
2638,67.7,28.2,0
2639,68.8,28.2,0
2640,68.2,39.5,0
2641,68.2,28.2,0
2642,67.7,29.3,0
2643,68.8,28.9,0
2644,68.8,53.7,0
2645,68.2,35.7,0
2646,67.7,31.9,0
2647,69.3,56.8,0
2648,68.8,27,0
2649,69.3,34.1,0
2650,68.2,28.9,0
2651,68.2,30,0
2652,68.8,28.2,0
2653,68.8,33.3,0
2654,67.7,30.8,0
2655,68.8,40.8,0
2656,68.8,24.3,0
2657,68.8,26.3,0
2658,67.7,27.5,0
2659,68.8,25.6,0
2660,67.7,33.3,0
2661,67.7,30,0
2662,67.7,31.7,0
2663,67.7,37.2,0
2664,68.2,25.6,0
2665,67.7,26.3,0
2666,68.8,27.5,0
2667,67.7,30.8,0
2668,68.8,25.6,0
2669,67.7,32.5,0
2670,68.8,27.5,0
2671,68.8,33.3,0
2672,67.7,34.1,0
2673,68.8,26.3,0
2674,68.8,28.2,0
2675,67.7,27.5,0
2676,67.7,24.3,0
2677,67.7,28.2,0
2678,67.1,29.1,0
2679,67.7,29.3,0
2680,67.1,36.6,0
2681,67.7,45.5,0
2682,67.7,28.2,0
2683,67.7,26.8,0
2684,68.2,27.5,0
2685,67.1,30.8,0
2686,67.7,28.2,0
2687,68.2,32.6,0
2688,67.7,25,0
2689,67.7,26.3,0
2690,67.7,28.9,0
2691,67.7,27.5,0
2692,67.7,30,0
2693,67.7,31.7,0
2694,67.7,28.2,0
2695,67.7,27.5,0
2696,67.1,27.5,0
2697,68.2,27.5,0
2698,67.7,25,0
2699,67.7,27.5,0
2700,68.2,25.6,0
2701,67.7,26.3,0
2702,67.7,28.6,0
2703,68.2,32.1,0
2704,67.7,28.2,0
2705,67.7,27.5,0
2706,67.7,27.5,0
2707,68.8,29.3,0
2708,67.7,29.5,0
2709,67.7,32.7,0
2710,68.8,26.3,0
2711,68.2,24.3,0
2712,68.2,30,0
2713,67.7,26.3,0
2714,67.7,31.7,0
2715,67.7,25.6,0
2716,67.7,30,0
2717,67.7,27.5,0
2718,68.2,24.4,0
2719,67.7,28.6,0
2720,68.2,27.5,0
2721,67.7,31.7,0
2722,68.2,50,0
2723,68.8,52.5,0
2724,70.4,44.1,1
2725,70.9,46.7,1
2726,70.9,44.8,1
2727,72,43.5,1
2728,72,100,1
2729,72,45.3,1
2730,72.5,45,1
2731,72,43.3,1
2732,72.5,42.6,1
2733,73.1,47.6,1
2734,73.1,45.2,1
2735,73.1,42.2,1
2736,73.1,40.7,1
2737,73.1,47,1
2738,73.1,46.8,1
2739,73.1,44.9,1
2740,73.1,43.1,1
2741,73.6,42.6,1
2742,73.6,68.2,1
2743,74.1,45.8,1
2744,74.1,44.8,1
2745,71.4,21.1,1
2746,70.9,19.4,1
2747,69.8,29.3,0
2748,70.4,21.7,1
2749,69.3,33.3,0
2750,69.8,35.7,0
2751,69.3,25,0
2752,69.3,30.8,0
2753,69.8,50,0
2754,69.8,27.5,0
2755,69.3,31.1,0
2756,68.8,29.3,0
2757,69.8,27.5,0
2758,68.8,25.9,0
2759,68.8,28.6,0
2760,68.8,35.6,0
2761,68.8,28.6,0
2762,69.3,25,0
2763,68.8,27.5,0
2764,69.3,50,0
2765,68.8,27.5,0
2766,69.3,30,0
2767,68.8,34.9,0
2768,68.8,25,0
2769,68.8,29.3,0
2770,68.2,25.6,0
2771,68.8,26.8,0
2772,68.8,28.6,0
2773,68.8,39.1,0
2774,68.8,26.8,0
2775,68.8,27.5,0
2776,68.8,27.9,0
2777,68.8,26.8,0
2778,68.8,27.9,0
2779,68.8,63.8,0
2780,68.8,34.9,0
2781,67.7,25.6,0
2782,68.2,52.4,0
2783,67.7,29.5,0
2784,68.2,29.5,0
2785,68.8,36.4,0
2786,67.7,27.5,0
2787,67.7,30.2,0
2788,67.7,25,0
2789,67.7,35.9,0
2790,67.7,26.2,0
2791,67.7,29.9,0
2792,67.7,32.8,0
2793,68.8,33.3,0
2794,68.2,31.7,0
2795,68.8,33.3,0
2796,68.8,33.3,0
2797,67.1,34.9,0
2798,67.7,33.3,0
2799,67.7,27.5,0
2800,67.7,26.8,0
2801,67.7,26.2,0
2802,67.1,26.7,0
2803,67.7,30.2,0
2804,68.2,29.3,0
2805,67.7,27.5,0
2806,68.8,29.3,0
2807,67.7,31.9,0
2808,68.8,34.9,0
2809,68.8,27.9,0
2810,68.2,26.8,0
2811,67.7,26.2,0
2812,68.8,35.4,0
2813,68.2,26.2,0
2814,67.7,29.5,0
2815,67.7,37.7,0
2816,68.8,28.9,0
2817,67.7,29.3,0
2818,68.8,27.9,0
2819,68.2,31,0
2820,68.8,33.3,0
2821,68.2,26.2,0
2822,68.2,28.9,0
2823,68.8,34.9,0
2824,68.8,41.9,0
2825,68.2,37,0
2826,68.8,37.8,0
2827,68.8,36.2,0
2828,68.8,36.4,0
2829,68.8,41.3,0
2830,68.2,30.9,0
2831,67.7,26.2,0
2832,68.2,26.8,0
2833,67.7,26.2,0
2834,67.7,35.6,0
2835,68.2,26.8,0
2836,67.7,26.2,0
2837,68.2,27.9,0
2838,68.2,26.2,0
2839,68.8,26.8,0
2840,68.8,29.5,0
2841,68.8,26.2,0
2842,68.8,27.3,0
2843,68.8,30.2,0
2844,67.7,29.5,0
2845,68.8,39.6,0
2846,68.8,26.8,0
2847,67.7,28.6,0
2848,67.7,35.6,0
2849,68.2,26.8,0
2850,68.8,26.3,0
2851,67.7,27.7,0
2852,68.2,26.7,0
2853,68.8,31.1,0
2854,68.8,32.6,0
2855,68.8,34.1,0
2856,68.8,28.6,0
2857,68.8,28.6,0
2858,67.7,26.8,0
2859,68.8,34.9,0
2860,68.2,33.3,0
2861,68.8,39.1,0
2862,68.2,28.4,0
2863,69.3,26.2,0
2864,68.2,27.9,0
2865,68.8,31.8,0
2866,68.2,25.6,0
2867,67.7,31.9,0
2868,67.7,35.6,0
2869,68.8,34.9,0
2870,67.7,25,0
2871,67.7,27.6,0
2872,67.7,25,0
2873,68.2,38.3,0
2874,67.7,30,0
2875,67.7,25.6,0
2876,67.7,29.5,0
2877,67.7,26.2,0
2878,67.7,27.3,0
2879,68.2,52.2,0
2880,67.7,28.6,0
2881,67.7,29.5,0
2882,67.7,35.6,0
2883,67.7,31.3,0
2884,67.7,31.1,0
2885,67.7,30.4,0
2886,68.8,31.9,0
2887,68.2,30.2,0
2888,68.2,29.5,0
2889,67.7,30.2,0
2890,67.7,27.9,0
2891,68.2,26.8,0
2892,67.7,34.8,0
2893,67.7,39,0
2894,67.7,30,0
2895,67.7,29.5,0
2896,67.1,36.2,0
2897,67.7,26.2,0
2898,68.8,25.6,0
2899,67.7,27.3,0
2900,68.2,33.3,0
2901,68.2,33.3,0
2902,68.8,26.2,0
2903,68.8,27.3,0
2904,67.1,27.9,0
2905,67.7,27.3,0
2906,67.7,26.2,0
2907,67.7,28.9,0
2908,67.7,25.6,0
2909,67.7,27.3,0
2910,67.7,30.4,0
2911,67.1,27.3,0
2912,67.7,54.2,0
2913,67.1,27.3,0
2914,66.6,25.9,0
2915,67.7,28.9,0
2916,67.7,26.2,0
2917,67.7,31.9,0
2918,67.7,32.6,0
2919,67.7,32.7,0
2920,67.1,25.6,0
2921,69.8,53.2,0
2922,70.9,42.6,1
2923,70.9,63.1,1
2924,71.4,47.5,1
2925,71.4,42.6,1
2926,72,40.6,1
2927,72,49.2,1
2928,72.5,44.4,1
2929,72.5,67.1,1
2930,73.1,43.5,1
2931,72.5,42.3,1
2932,73.1,44.4,1
2933,73.1,42.4,1
2934,73.1,67.6,1
2935,73.1,43.5,1
2936,73.1,44.4,1
2937,73.1,48.6,1
2938,73.1,48.6,1
2939,73.6,41.9,1
2940,73.6,44.9,1
2941,73.6,44.6,1
2942,73.6,70.8,1
2943,70.9,16.7,1
2944,69.8,35.4,0
2945,69.3,28.9,0
2946,69.3,27.3,0
2947,69.8,32.7,0
2948,69.3,38.3,0
2949,69.3,27.3,0
2950,69.8,28.9,0
2951,69.8,26.1,0
2952,69.3,28.3,0
2953,68.8,38,0
2954,68.8,28.4,0
2955,69.3,52.8,0
2956,68.8,28.9,0
2957,68.8,21.6,0
2958,67.7,27.3,0
2959,68.8,31.9,0
2960,68.8,32.1,0
2961,68.8,26.7,0
2962,68.8,26.1,0
2963,68.2,34.8,0
2964,68.2,30.4,0
2965,68.8,36.2,0
2966,67.7,34.7,0
2967,68.2,32.7,0
2968,67.7,30.4,0
2969,67.7,30.4,0
2970,67.1,26.7,0
2971,67.7,25,0
2972,68.2,27.3,0
2973,67.7,29.8,0
2974,67.7,27.9,0
2975,67.1,26.1,0
2976,67.1,26.1,0
2977,67.1,28.1,0
2978,66.6,28.3,0
2979,67.7,28.9,0
2980,67.7,52.9,0
2981,66.6,27.3,0
